"Status","Start Time","Stop Time","Duration in ms","Parent Suite","Suite","Sub Suite","Test Class","Test Method","Name","Description"
"passed","Tue Jul 27 18:24:19 CST 2021","Tue Jul 27 18:24:19 CST 2021","1","","test_calNew","Testcal","","","test_sub[整数]",""
"failed","Tue Jul 27 18:24:19 CST 2021","Tue Jul 27 18:24:19 CST 2021","0","","test_calNew","Testcal","","","test_sub[错误]",""
"passed","Tue Jul 27 18:24:19 CST 2021","Tue Jul 27 18:24:19 CST 2021","1","","test_calNew","Testcal","","","test_sub[小数]",""
"passed","Tue Jul 27 18:24:19 CST 2021","Tue Jul 27 18:24:19 CST 2021","0","","test_calNew","Testcal","","","test_mul[小数]",""
"passed","Tue Jul 27 18:24:19 CST 2021","Tue Jul 27 18:24:19 CST 2021","0","","test_calNew","Testcal","","","test_mul[负数]",""
"passed","Tue Jul 27 18:24:19 CST 2021","Tue Jul 27 18:24:19 CST 2021","1","","test_calNew","Testcal","","","test_div[小数]",""
"failed","Tue Jul 27 18:24:19 CST 2021","Tue Jul 27 18:24:19 CST 2021","1","","test_calNew","Testcal","","","test_add[错误]",""
"passed","Tue Jul 27 18:24:19 CST 2021","Tue Jul 27 18:24:19 CST 2021","1","","test_calNew","Testcal","","","test_add[负数]",""
"passed","Tue Jul 27 18:24:19 CST 2021","Tue Jul 27 18:24:19 CST 2021","0","","test_calNew","Testcal","","","test_div[负数]",""
"passed","Tue Jul 27 18:24:19 CST 2021","Tue Jul 27 18:24:19 CST 2021","1","","test_calNew","Testcal","","","test_sub[负数]",""
"failed","Tue Jul 27 18:24:19 CST 2021","Tue Jul 27 18:24:19 CST 2021","1","","test_calNew","Testcal","","","test_div[错误]",""
"passed","Tue Jul 27 18:24:19 CST 2021","Tue Jul 27 18:24:19 CST 2021","1","","test_calNew","Testcal","","","test_mul[整数]",""
"failed","Tue Jul 27 18:24:19 CST 2021","Tue Jul 27 18:24:19 CST 2021","1","","test_calNew","Testcal","","","test_mul[错误]",""
"passed","Tue Jul 27 18:24:19 CST 2021","Tue Jul 27 18:24:19 CST 2021","0","","test_calNew","Testcal","","","test_add[小数]",""
"passed","Tue Jul 27 18:24:19 CST 2021","Tue Jul 27 18:24:19 CST 2021","0","","test_calNew","Testcal","","","test_div[整数]",""
"passed","Tue Jul 27 18:24:19 CST 2021","Tue Jul 27 18:24:19 CST 2021","1","","test_calNew","Testcal","","","test_add[整数]",""
